customer_id,purchase_frequency,avg_order_value,days_since_last_purchase,product_category,region,cluster_id,cluster_size,customer_score
CUST_0000,39,227.69668317900636,346,Books,EU,4,25,17.84473388515346
CUST_0001,29,182.06967862311714,147,Home,LATAM,3,20,30.064017255047432
CUST_0002,15,56.335920221788,148,Electronics,US,0,22,24.004624199021528
CUST_0003,43,139.4790818399623,352,Home,APAC,4,25,18.68693039620482
CUST_0004,8,370.1038787368925,199,Sports,US,4,25,17.954147252649033
CUST_0005,21,405.5789932390425,308,Sports,EU,0,22,14.301668486566443
CUST_0006,39,322.68198865145513,128,Electronics,EU,3,20,36.04749802074889
CUST_0007,19,466.835395331007,39,Books,EU,1,15,35.79502673393823
CUST_0008,23,342.984661475875,338,Clothing,LATAM,4,25,12.448132066619408
CUST_0009,11,461.73185399470134,360,Electronics,US,0,22,6.196154466093693
CUST_0010,11,432.51736000540967,129,Clothing,LATAM,2,18,25.094812353988832
CUST_0011,24,252.25280336219151,267,Clothing,LATAM,0,22,18.41155293063452
CUST_0012,36,92.9345524206851,151,Books,EU,2,18,32.26784475315247
CUST_0013,40,216.86821348921987,298,Clothing,EU,3,20,22.157453955536152
CUST_0014,24,350.97856369862325,99,Clothing,LATAM,1,15,32.51594938972601
CUST_0015,3,349.6650604778735,263,Books,US,0,22,10.632556825269237
CUST_0016,22,316.0840044684772,252,Clothing,APAC,4,25,19.035923246282145
CUST_0017,2,173.62480684552887,144,Clothing,LATAM,3,20,19.48525798218042
CUST_0018,24,302.55954163146555,346,Clothing,US,0,22,12.069322460510836
CUST_0019,44,222.31709363920544,112,Electronics,EU,4,25,39.06147182886282
CUST_0020,30,487.2704429250967,60,Electronics,EU,0,22,38.53030447946022
CUST_0021,38,432.01122091973775,2,Electronics,US,2,18,46.33165010111537
CUST_0022,2,374.77828452419294,304,Books,APAC,0,22,6.938033483709566
CUST_0023,21,156.19321388703008,254,Sports,EU,0,22,17.991867312893966
CUST_0024,33,165.2307452425958,140,Clothing,EU,0,22,32.1888429206593
CUST_0025,12,68.1951152922941,37,Clothing,EU,3,20,31.963489455465925
CUST_0026,22,369.7983003586043,160,Books,US,0,22,26.758709969568965
CUST_0027,44,99.9008693653241,9,Clothing,LATAM,4,25,47.15997658069871
CUST_0028,25,247.70142583959654,233,Electronics,EU,2,18,21.59241934601194
CUST_0029,49,140.7736410509283,99,Sports,LATAM,2,18,41.885334621782924
CUST_0030,27,453.09361805308373,147,Home,APAC,0,22,30.077089073337334
CUST_0031,42,263.9166004319503,304,Clothing,EU,3,20,22.605448431432837
CUST_0032,28,303.4740073893727,208,Electronics,EU,3,20,25.014531611209215
CUST_0033,16,362.9822388917574,131,Home,APAC,4,25,26.721823429004036
CUST_0034,15,112.69915448264406,152,Sports,EU,0,22,23.844946778516423
CUST_0035,47,321.98782067501776,54,Home,LATAM,2,18,45.32760729764149
CUST_0036,44,292.9284910857529,120,Electronics,US,3,20,38.61577177462712
CUST_0037,3,141.37755113064622,161,Home,LATAM,0,22,18.39125594106317
CUST_0038,37,474.2841067510915,116,Books,US,3,20,36.6886057449108
CUST_0039,7,319.4894599198412,75,Home,US,3,20,27.59408481811569
CUST_0040,21,362.65321986786705,113,Clothing,LATAM,2,18,30.200288426726885
CUST_0041,9,446.210527556866,104,Clothing,LATAM,1,15,26.390686377191145
CUST_0042,39,330.95932166020697,340,Books,LATAM,4,25,18.647672485528567
CUST_0043,18,183.03515862697128,254,Electronics,LATAM,4,25,16.87239314711379
CUST_0044,4,97.47241692362178,227,Clothing,APAC,2,18,13.234883004195522
CUST_0045,25,255.44055671730962,112,Sports,EU,3,20,31.560842218097136
CUST_0046,14,148.2981967475751,99,Clothing,US,0,22,27.907908288872864
CUST_0047,9,237.4294765416648,153,Clothing,LATAM,3,20,21.73694596387157
CUST_0048,26,447.47611651349075,349,Electronics,LATAM,2,18,13.057496842691158
CUST_0049,2,195.95525945237327,338,Home,LATAM,4,25,3.6070438605489006
CUST_0050,20,104.93957961530302,194,Clothing,APAC,3,20,22.369613259393855
CUST_0051,28,210.33402713463872,310,Books,LATAM,4,25,16.351550026609395
CUST_0052,47,458.0727986955893,163,Home,LATAM,0,22,36.776958122114166
CUST_0053,7,172.45951222308588,208,Sports,LATAM,4,25,16.22148812571035
CUST_0054,44,341.46055424361305,169,Electronics,EU,4,25,34.73397070382673
CUST_0055,8,50.23416964789212,161,Sports,APAC,1,15,20.11782579661491
CUST_0056,47,208.65598535037606,68,Home,LATAM,1,15,43.836926860160716
CUST_0057,35,187.15156617111307,289,Home,US,1,15,20.80803004097909
CUST_0058,14,124.09513391432378,277,Home,US,4,25,13.205162114071738
CUST_0059,17,290.34023871894885,304,Sports,US,2,18,12.684719346293834
CUST_0060,36,268.17348711154244,135,Home,APAC,4,25,34.10863005037572
CUST_0061,40,361.5962148006216,195,Sports,APAC,2,18,31.05739138412789
CUST_0062,4,171.23555020933466,128,Home,US,2,18,21.593158705422525
CUST_0063,2,159.85648501149836,33,Books,LATAM,1,15,28.567240687911205
CUST_0064,6,125.73096897781875,176,Home,APAC,3,20,18.311439482275922
CUST_0065,42,148.44389880788162,22,Sports,US,0,22,45.43711251834145
CUST_0066,4,301.14590090780354,238,Clothing,US,1,15,12.941793867106973
CUST_0067,29,231.72627697611836,158,Home,LATAM,1,15,29.308877461065343
CUST_0068,18,79.2015111990417,38,Clothing,EU,3,20,34.31431686236425
CUST_0069,26,164.26193627045512,230,Books,APAC,0,22,21.98867621977027
CUST_0070,44,161.09422827737052,51,Electronics,LATAM,4,25,43.8915018629143
CUST_0071,34,363.33692277790476,264,Books,US,4,25,22.99138063134741
CUST_0072,10,370.5217654659989,283,Home,US,1,15,11.851291323795257
CUST_0073,36,116.63911847902995,27,Clothing,LATAM,0,22,42.53073927324531
CUST_0074,14,498.98321827202386,226,Clothing,APAC,1,15,18.521607189062646
CUST_0075,31,170.05145642387825,277,Sports,EU,2,18,20.1430310816004
CUST_0076,48,489.4767301246938,286,Clothing,EU,1,15,27.161580875305592
CUST_0077,15,234.96665599320409,97,Sports,US,1,15,28.732297228253586
CUST_0078,8,64.87282980524677,284,Electronics,APAC,4,25,10.052152735991083
CUST_0079,14,205.28206161200734,317,Home,EU,4,25,10.161051664288077
CUST_0080,23,335.4581051156137,304,Sports,APAC,4,25,15.220072945483828
CUST_0081,40,356.31745319964506,147,Electronics,APAC,2,18,34.986760578777016
CUST_0082,21,288.9205624927114,4,Clothing,US,4,25,38.93799456419046
CUST_0083,16,251.50242405789123,35,Clothing,EU,0,22,34.27779494340655
CUST_0084,45,298.80189008209754,192,Electronics,LATAM,3,20,33.11558375243807
CUST_0085,18,316.7135257457271,49,Clothing,US,0,22,34.12274331696321
CUST_0086,47,86.38399684972185,17,Electronics,EU,0,22,47.66189171657656
CUST_0087,24,216.344505227632,172,Sports,EU,4,25,26.112047214313037
CUST_0088,26,158.97197222484164,220,Sports,EU,3,20,22.794724135852608
CUST_0089,25,411.41289037095316,158,Electronics,EU,3,20,28.247937301249845
CUST_0090,45,261.63528550071726,46,Sports,EU,3,20,45.00408393869394
CUST_0091,41,492.54041340267935,6,Sports,APAC,2,18,47.38447055527653
CUST_0092,29,229.47099910004889,99,Sports,US,4,25,34.15142669593028
CUST_0093,15,417.3943429487228,233,Books,APAC,3,20,18.10149809733932
CUST_0094,45,409.255306243048,37,Home,LATAM,2,18,46.18667002831819
CUST_0095,1,117.82289478444326,280,Clothing,EU,1,15,7.7397700542163435
CUST_0096,25,278.6894495333234,349,Books,US,1,15,12.151136841750654
CUST_0097,7,363.1157630558968,302,Sports,EU,2,18,9.067429480948512
CUST_0098,9,436.26146216617394,181,Electronics,US,2,18,20.032072057731398
CUST_0099,24,196.68150734084813,95,Sports,APAC,4,25,32.38182534394035
